"Timestamp","Are you reviewing a project or a homework assignment?","Which project are you reviewing (enter a # between 1 and 11)?","On a scale from 1 to 5, how satisfied are you with the rubric for this project?","In what ways was this rubric helpful to you?","In what ways could this rubric be more helpful?","On a scale from 1 to 5, how satisfied are you with the checklist for this project?","In what ways was this checklist helpful to you?","In what ways could this checklist be more helpful?","Which homework assignment are you reviewing (enter a # between 1 and 22)?","Have you had a chance to check out the key for this assignment?","How satisfied are you with the homework key?","In what ways was this homework key helpful to you?","In what ways could this homework key be more helpful?","How much time did you spend on this assignment in hours?","What resources did you use to help you complete this assignment?","Which of the following emotions did you experience **before** starting this project (select all that apply)?","Which of the following emotions did you experience while completing this project (select all that apply)?","Which of the following emotions did you experience **after** completing this project (select all that apply)?"
"2021/12/21 9:47:17 PM AST","Project","1","4","Nice to have outline of grading.","The last section says ""Student outlines techniques and shares at least one resource on how they learned HTML for this project,"" but there was no place in the project to share this information.","","","","","","","","","","","","",""
"2021/12/21 9:47:18 PM AST","Project","6","2","It gave me an understanding of what goal I was meant to accomplish.","It could have explained what the pregiven assests did to give me a better understanding of what I should edit.","","","","","","","","","","","","",""
"2021/12/21 9:47:19 PM AST","Project","9","4","It was very clear and helped me understand what was expected of me.","It's a bit unclear as to how I'm supposed to show my understanding of computational biology in this program.","","","","","","","","","","","","",""
"2021/12/21 9:47:20 PM AST","Project","1","4","It gave me more a grading format to follow instead of a project format. It made me know what to do exactly instead of wondering if it was up to the grader's standards.","None that I can think of now!","","","","","","","","","","","","",""
"2021/12/21 9:47:21 PM AST","Project","2","4","","","","","","","","","","","","","","",""
"2021/12/21 9:47:22 PM AST","Project","2","5","It lists everything I need to do to earn full credit.","If there are any specifics that graders are looking for it would be nice to know those.","","","","","","","","","","","","",""
"2021/12/21 9:47:24 PM AST","Project","2","4","The rubric specifies what is required in terms of implementation of Java concepts.","Slightly more detailed expectations, it seems that each file submitted has the exact same short description.","","","","","","","","","","","","",""
"2021/12/21 9:47:25 PM AST","Project","10","4","Helped to know what to use","NA","","","","","","","","","4","","","",""
"2021/12/21 9:47:26 PM AST","Project","11","5","Very useful to know what to include","NA","","","","","","","","","6","","","",""
"2021/12/21 9:47:28 PM AST","Project","11","4","made sense","i got points off for not using the remainder in a division? im not sure how i was supposed to use the remainder, but maybe certain operations could be specified more in depth","","","","","","","","","2","","","",""
"2021/12/21 9:47:29 PM AST","Project","10","5","clear and concise","it's good!","","","","","","","","","4","","","",""
"2021/12/21 9:47:30 PM AST","Project","9","4","clearly outlines the importance of testing","don't really understand what ""computational biology"" is, i don't think we needed to understand that to do the project, it was just testing string methods wasn't it? i get that the entire file does computational bio stuff, but we didn't really interface with it","","","","","","","","","3","","","",""
"2021/12/21 9:47:32 PM AST","Project","8","4","clear and concise","include more info about testing requirements explicitly, since that's a major focus of the project","","","","","","","","","3","","","",""
"2021/12/21 9:47:33 PM AST","Project","7","5","it mentions the core of the project, recursion and avoiding loops","it's good!","","","","","","","","","1","","","",""
"2021/12/21 9:47:34 PM AST","Project","5","5","- mentions the slides! that's really helpful","- could link the rss reader slides when it mentions them

- could specify what ""appropriate html"" means - like if it has to follow exactly or just display all necessary info","","","","","","","","","3","","","",""
"2021/12/21 9:47:36 PM AST","Project","3","5","tells me all the info i need to know","it's already helpful!","","","","","","","","","2","","","",""
"2021/12/21 9:47:37 PM AST","Project","2","5","it clearly shows what needs to be done","it's good!","","","","","","","","","1","","","",""
"2021/12/21 9:47:38 PM AST","Project","11","4","This rubric was straightforward. ","I guess the points in relation to testing could have been worded better?","","","","","","","","","6","","","",""
"2021/12/21 9:47:39 PM AST","Project","10","4","For a project so abstract I guess it helped guide me.","Maybe more description would help","","","","","","","","","6","","","",""
"2021/12/21 9:47:41 PM AST","Project","9","4","It helped me get started","Maybe demonstrate where people go wrong? ","","","","","","","","","6","","","",""
"2021/12/21 9:47:42 PM AST","Project","8","4","Solid rubric","Describe the minimum point amounts better?","","","","","","","","","6","","","",""
"2021/12/21 9:47:43 PM AST","Project","7","4","Helped outline what exactly I need to do to earn points 

 ","Im not sure ","","","","","","","","","5","","","",""
"2021/12/21 9:47:45 PM AST","Project","3","4","more comprehensive than other rubrics ","Im not sure ","","","","","","","","","3","","","",""
"2021/12/21 9:47:46 PM AST","Project","2","4","It outlines what I need to do to succeed ","Im not sure ","","","","","","","","","2","","","",""
"2021/12/21 9:47:47 PM AST","Project","11","5","I like that the rubric specified that precondition checks should be avoided in the process event methods.","I'm not sure. I thought it was good.","","","","","","","","","4","","","",""
"2021/12/21 9:47:49 PM AST","Project","11","2","it really wasn't","if it was more specific, the first section worth 8 points just said if we used the relationship between view model and controller right, but there was no way we couldn't do it right because of the starter code we were given.","","","","","","","","","5","","","",""
"2021/12/21 9:47:50 PM AST","Project","11","5","I checked the rubric to make sure everything was right before submitting","I think it is fine","","","","","","","","","6","","","",""
"2021/12/21 9:47:51 PM AST","Project","10","5","I checked up on it repeatedly to make sure I was doing the right things","it doesn't need to change at all","","","","","","","","","20","","","",""
"2021/12/21 9:47:53 PM AST","Project","9","5","I thought the rubric was fine not helpful or unhelpful","I thought the rubric was fine not helpful or unhelpful","","","","","","","","","12","","","",""
"2021/12/21 9:47:54 PM AST","Project","8","5","I understood the feedback after I got it according to each section of my rubric","It could have been more specific in saying best practices of natural number","","","","","","","","","10","","","",""
"2021/12/21 9:47:55 PM AST","Project","7","5","I liked the explanations for the different sections of the rubric they made sense to me.","It is fine ","","","","","","","","","8","","","",""
"2021/12/21 9:47:57 PM AST","Project","6","5","The different sections of the rubric were clear and helped me understand the goals of the project","I think it is fine in its current state","","","","","","","","","8","","","",""
"2021/12/21 9:47:58 PM AST","Project","5","5","The points I received were accurate with the descriptions of the rubric","It was helpful doesn't need to be any more helpful","","","","","","","","","7","","","",""
"2021/12/21 9:47:59 PM AST","Project","4","5","The different categories and point explanations were clear","Nothing needed to be improved on the rubric","","","","","","","","","4","","","",""
"2021/12/21 9:48:01 PM AST","Project","3","5","I understood the rubric fine and thought it was clear in what it was asking","I think it is fine how it is","","","","","","","","","6","","","",""
"2021/12/21 9:48:02 PM AST","Project","2","5","It was clear what I needed to do to get points","Nothing needs to be changed","","","","","","","","","5","","","",""
"2021/12/21 9:48:03 PM AST","Project","1","5","It made it clear the things I had to do to get all the points","It was fine","","","","","","","","","3","","","",""
"2021/12/21 9:48:05 PM AST","Project","11","5","The rubric is straight forward, the project itself was very straight forward","I think the rubric is fine with no changes since this project wasn't very difficult if you did the previous labs","","","","","","","","","4","","","",""
"2021/12/21 9:48:18 PM AST","Project","11","5","Good","N/A","","","","","","","","","3.5","","","",""
"2021/12/21 9:48:19 PM AST","Project","4","4","it outlined what I needed to do to make it work ","im not sure ","","","","","","","","","5","","","",""
"2021/12/21 9:48:20 PM AST","Project","9","5","Rubric split points up into easy to understand categories","No suggestions","","","","","","","","","2","","","",""
"2021/12/21 9:48:22 PM AST","Project","8","4","Split up points into categories","Rubric could have been more clear","","","","","","","","","2","","","",""
"2021/12/21 9:48:23 PM AST","Project","6","5","Points awarded were split up into easy to understand categories","No suggestions","","","","","","","","","1.5","","","",""
"2021/12/21 9:48:25 PM AST","Project","5","5","All points awarded were broken up into easy to understand categories.","no suggestions","","","","","","","","","2","","","",""
"2021/12/21 9:48:26 PM AST","Project","4","5","Rubric laid out points in easy to understand categories","no suggestions","","","","","","","","","2","","","",""
"2021/12/21 9:48:27 PM AST","Project","3","5","Rubric laid out points awarded in easy to understand categories","No suggestions","","","","","","","","","1.5","","","",""
"2021/12/21 9:48:29 PM AST","Project","1","5","Rubric laid out where the points were awarded in multiple easy to understand categories.","no suggestions","","","","","","","","","1","","","",""
"2021/12/21 9:48:30 PM AST","Project","11","3","Rubric laid out where the points were given for the project","I think the rubric could have been more specific as to where points were being awarded. Specifically, I think it could have more categories.","","","","","","","","","2.5","","","",""
"2021/12/21 9:48:32 PM AST","Project","11","5","The rubric explained where the points needed to be gained to get all points available for this project","N/A","","","","","","","","","3","","","",""
"2021/12/21 9:48:33 PM AST","Project","11","4","Helped me lookout for certain concepts.","Could be a bit more descriptive in the Use of Swing section.","","","","","","","","","4","","","",""
"2021/12/21 9:48:35 PM AST","Project","10","4","Helped me look for concepts to watch out for.","Maybe make the Implement project from scratch section more descriptive in terms of the contents of the project itself.","","","","","","","","","7","","","",""
"2021/12/21 9:48:36 PM AST","Project","7","5","It communicated its requirements well.","I was satisfied with it.","","","","","","","","","4","","","",""
"2021/12/21 9:48:37 PM AST","Project","6","5","All of the project requisites were clear.","I was satisfied with it.","","","","","","","","","4","","","",""
"2021/12/21 9:48:39 PM AST","Project","5","5","Same as Project #4.","I didn’t know I needed to ask the user for an output file name.","","","","","","","","","5","","","",""
"2021/12/21 9:48:40 PM AST","Project","4","5","It was particularly helpful with talking about edge cases.","I wasn’t aware that I needed to ask the user for an RSS tree even though the rest of my project was functional.","","","","","","","","","5","","","",""
"2021/12/21 9:48:41 PM AST","Project","3","5","It conveyed what I needed to know for the project.","I was happy with the rubric.","","","","","","","","","3","","","",""
"2021/12/21 9:48:43 PM AST","Project","10","4","Summed up what is wanted","What is ""realistic""","","","","","","","","","5","","","",""
"2021/12/21 9:48:44 PM AST","Project","10","5","Good","N/A","","","","","","","","","6","","","",""
"2021/12/21 9:48:46 PM AST","Project","9","5","Well described the aspects of the project","N/A","","","","","","","","","6","","","",""
"2021/12/21 9:48:47 PM AST","Project","8","4","N/A","Don't really know what the ""Understanding of Modern Cryptography"" is supposed to mean","","","","","","","","","6","","","",""
"2021/12/21 9:48:48 PM AST","Project","10","4","It told me what was expected.","If the points could be broken down to specific areas of the code that you expect to be in a specific way, it would be more helpful.","","","","","","","","","4","","","",""
"2021/12/21 9:48:50 PM AST","Project","10","5","The rubric explained what needed to be done to achieve the points.","N/A","","","","","","","","","6","","","",""
"2021/12/21 9:48:51 PM AST","Project","10","4","The rubric helped me when I was doing my JUnit cases, because initially I didn't have descriptive comments, but I fixed it when I saw it on the rubric.","It could maybe be more descriptive about things that it's looking out for in the ""start from scratch"" category.","","","","","","","","","16","","","",""
"2021/12/21 9:48:52 PM AST","Project","10","4","It laid out the guidelines for the project pretty well","All requirements for the program were pretty much compacted into one category. I think it would be more helpful if the different requirements of the program were separated into their own categories, each of which having points associated.","","","","","","","","","1.5","","","",""
"2021/12/21 9:48:54 PM AST","Project","2","4","Don't have much to say","Don't have much to say","","","","","","","","","3","","","",""
"2021/12/21 9:48:55 PM AST","Project","10","2","maybe have to example and output what it should look like","maybe have to example and output what it should look like","","","","","","","","","10","","","",""
"2021/12/21 9:48:56 PM AST","Project","2","4","It told me well what I was supposed to use for the project.","Stating somewhere early on in the year to fix all checkstyle errors and pointing out that there is a signature at the top of the file to fill out, but these are minor.","","","","","","","","","2","","","",""
"2021/12/21 9:48:58 PM AST","Project","9","5","I could know what was expected.","More detail specific to the project.","","","","","","","","","","","","",""
"2021/12/21 9:48:59 PM AST","Project","9","5","I appreciated the reminder to name the JUnit test cases in a way that explains their purpose.","I'm not sure","","","","","","","","","","","","",""
"2021/12/21 9:49:01 PM AST","Project","9","4","The rubric is very clear on what to watch out for","Understanding of computational biology section seems a bit vague","","","","","","","","","","","","",""
"2021/12/21 9:49:02 PM AST","Project","9","3","the test cases part, it was as about specific as you can get","i didn't know what the part about set preconditions meant","","","","","","","","","","","","",""
"2021/12/21 9:49:04 PM AST","Project","8","4","Very clear on what to watch out for","The understanding of the modern cryptography section is a bit vague, but it's still pretty good overall","","","","","","","","","","","","",""
"2021/12/21 9:49:05 PM AST","Project","9","5","The rubric was helpful as it explained what needed to be done to reach full points.","N/A","","","","","","","","","","","","",""
"2021/12/21 9:49:07 PM AST","Project","8","5","Rubric was explanatory in what needed to be done to gain full points.","N/A","","","","","","","","","","","","",""
"2021/12/21 9:49:08 PM AST","Project","6","5","It showed me what I need to do to get the best score possible","I'm not sure ","","","","","","","","","","","","",""
"2021/12/21 9:49:09 PM AST","Project","5","4","It outlines the criteria for success","Im not sure","","","","","","","","","","","","",""
"2021/12/21 9:49:11 PM AST","Project","8","5","It wasn't much but I knew what I was being graded on.","Rubric could be a little more elaborate. 
How many points is each method for? How many test cases needed? 
Something like that would be more helpful.","","","","","","","","","","","","",""
"2021/12/21 9:49:12 PM AST","Project","8","5","Good","N/A","","","","","","","","","","","","",""
"2021/12/21 9:49:14 PM AST","Project","7","5","Good","N/A","","","","","","","","","","","","",""
"2021/12/21 9:49:15 PM AST","Project","7","5","Helped understand the recursion parameters.","Maybe more clear about the use of multiple return statements","","","","","","","","","","","","",""
"2021/12/21 9:49:16 PM AST","Project","7","4","It was mostly clear what was expected of me.","While the rubric was good, I would have liked an elaboration on what the best practices for NaturalNumber, recursion, and XMLTrees were. Otherwise, the rubric was good!","","","","","","","","","","","","",""
"2021/12/21 9:49:18 PM AST","Project","7","5","I like that it pointed out that students should avoid using loops.","I think it is very helpful as it is.","","","","","","","","","","","","",""
"2021/12/21 9:49:19 PM AST","Project","7","5","just making sure that i had everything in my code that i needed","honestly nothing this one was pretty good","","","","","","","","","","","","",""
"2021/12/21 9:49:21 PM AST","Project","7","4","It told me what to do in my project","Definition of ""Peeking at child nodes"" was a little confusing at first","","","","","","","","","","","","",""
"2021/12/21 9:49:22 PM AST","Project","7","5","I understood what I may lose points on.
For example - using loops unnecessarily. ","Could be more elaborate. 
More specific to this project.

But overall. The rubric helped.","","","","","","","","","","","","",""
"2021/12/21 9:49:23 PM AST","Project","7","4","Helped outline what to watch out for.","Not too sure what you mean by ""avoiding peeking at child nodes"".","","","","","","","","","","","","",""
"2021/12/21 9:49:25 PM AST","Project","7","5","Rubric was very good in explaining what needed to be done to achieve the points.","N/A","","","","","","","","","","","","",""
"2021/12/21 9:49:26 PM AST","Project","6","5","It was easy to understand and helpful in knowing what was expected of me.","The rubric is good as is. No improvement is needed!","","","","","","","","","","","","",""
"2021/12/21 9:49:28 PM AST","Project","6","4","Made it clear to not use the toInt method","N/A","","","","","","","","","","","","",""
"2021/12/21 9:49:29 PM AST","Project","6","5","Obvious parameters for what needed done","Show minimum and maximum points if I couldn't figure out a solution.","","","","","","","","","","","","",""
"2021/12/21 9:49:30 PM AST","Project","6","5","Knowing not to create unnecessary references of NaturalNumber. ","It is perfect the way it is.","","","","","","","","","","","","",""
"2021/12/21 9:49:32 PM AST","Project","6","4","A step-by-step rubric that helped me guide my way thru the project","Maybe a little more key detail on each score","","","","","","","","","","","","",""
"2021/12/21 9:49:33 PM AST","Project","6","5","Great rubric","N/A","","","","","","","","","","","","",""
"2021/12/21 9:49:35 PM AST","Project","5","4","Clear and concise","Being more clear about use of for loops/while loops","","","","","","","","","","","","",""
"2021/12/21 9:49:36 PM AST","Project","6","5","The rubric told exactly what was needed to achieve all of the points for this project.","None, the rubric is good as is.","","","","","","","","","","","","",""
"2021/12/21 9:49:38 PM AST","Project","6","4","Pretty straightforward","I can't think of anything, looks good to me","","","","","","","","","","","","",""
"2021/12/21 9:49:39 PM AST","Project","6","4","it is good","""Use of interval halving to invert a function"" could be more clear by saying ""Use of interval halving to calculate sqrt""","","","","","","","","","","","","",""
"2021/12/21 9:49:41 PM AST","Project","6","5","The rubric told me that the main things to look out for way just optimizing the code in terms of Natural Numbers and the algorithm.","No complaints","","","","","","","","","","","","",""
"2021/12/21 9:49:42 PM AST","Project","4","5","It actually told me exactly what I needed to focus on for the project.","No complaints","","","","","","","","","","","","",""
"2021/12/21 9:49:43 PM AST","Project","5","3","It helped me realize the amount of points I could get if I didn't figure it out.","I think the rubric could've had more guidance.","","","","","","","","","","","","",""
"2021/12/21 9:49:45 PM AST","Project","1","5","","","","","","","","","","","","","","",""
"2021/12/21 9:49:46 PM AST","Project","5","4","Specifies all of the points, which is what a rubric should do","Mention more specifically how to address edge cases in teaching","","","","","","","","","","","","",""
"2021/12/21 9:49:48 PM AST","Project","5","5","Everything made me understand the problem well and solve it accordingly.","It can state that we can use for loops and can also tell about the if statements to use it or not.","","","","","","","","","","","","",""
"2021/12/21 9:49:49 PM AST","Project","5","4","Same as 4, it lined out what I needed to watch out for","Same as 4, maybe add the edge cases in the longer description of that part of the rubric.","","","","","","","","","","","","",""
"2021/12/21 9:49:51 PM AST","Project","4","4","It lined out what I needed to make sure I had in my code.","Maybe list all the edge cases in the longer description of that part of the rubric","","","","","","","","","","","","",""
"2021/12/21 9:49:52 PM AST","Project","5","5","It's the same as before so yes it was helpful.","It's the same as before so maybe it can be changed to something specific you are looking for in this project and don't want anyone to miss it.","","","","","","","","","","","","",""
"2021/12/21 9:49:53 PM AST","Project","5","5","The rubric is clear about what I need to do.","I think it is already good.","","","","","","","","","","","","",""
"2021/12/21 9:49:55 PM AST","Project","5","5","It was very clear what the grader's expectations are.","It was perfect as is, no improvement is needed!","","","","","","","","","","","","",""
"2021/12/21 9:49:56 PM AST","Project","5","4","The rubric was fine, explained what needed to be done.","Could be useful to have a link to best practices within the rubric.","","","","","","","","","","","","",""
"2021/12/21 9:49:58 PM AST","Project","4","4","Pretty clear and concise.","The while loops portion was slightly confusing. Didn't know if I was able to use for loops or not","","","","","","","","","","","","",""
"2021/12/21 9:49:59 PM AST","Project","4","5","It help me learn what was expected for the project.","Everything was pretty good and helpful. ","","","","","","","","","","","","",""
"2021/12/21 9:50:01 PM AST","Project","4","3","Helped understand how to use XMLTree","I wish this one helped guide a little this project was really hard","","","","","","","","","","","","",""
"2021/12/21 9:50:02 PM AST","Project","3","4","Guided me a little on the direction to take.","No complaints","","","","","","","","","","","","",""
"2021/12/21 9:50:04 PM AST","Project","4","4","It was helpful to know what the graders expect.","You can remove the generic phrase of ""while and static methods"". 
This confused me just before I submitted as I had done my whole project using for loops.
If the points for this was meant for just using loops and methods using the best practices, then you should probably change the heading.","","","","","","","","","","","","",""
"2021/12/21 9:50:05 PM AST","Project","3","5","It helped me by knowing what the graders expect.","The rubric was perfect.","","","","","","","","","","","","",""
"2021/12/21 9:50:07 PM AST","Project","2","5","It helped me know what the graders expect.","The rubric was perfect","","","","","","","","","","","","",""
"2021/12/21 9:50:08 PM AST","Project","2","5","With all the different version I needed to submit it definitely helped guide me. ","Maybe go more in depth into the descriptions.","","","","","","","","","","","","",""
"2021/12/21 9:50:10 PM AST","Project","4","5","Rubric was good, said what was needed and directed to any necessary sources","N/A","","","","","","","","","","","","",""
"2021/12/21 9:50:11 PM AST","Project","3","5","No comment, this rubric was solid and told me what was needed","N/A","","","","","","","","","","","","",""
"2021/12/21 9:50:12 PM AST","Project","5","4","","maybe put some example about it","","","","","","","","","","","","",""
"2021/12/21 9:50:14 PM AST","Project","4","4","","Clarification on ""best practice""","","","","","","","","","","","","",""
"2021/12/21 9:50:15 PM AST","Project","3","3","","","","","","","","","","","","","","",""
"2021/12/21 9:50:16 PM AST","Project","4","5","It was clear and easy to read.","I believe that it is perfectly fine, and no improvement is needed!","","","","","","","","","","","","",""
"2021/12/21 9:50:18 PM AST","Project","4","5","The reminder to consider all edge cases was helpful.","I'm not sure. I thought it was very good.","","","","","","","","","","","","",""
"2021/12/21 9:50:19 PM AST","Project","4","5","I know what I needed to add","Not a problem with the rubric but it was hard at first to conceptualize what this project wanted me to add to the project","","","","","","","","","","","","",""
"2021/12/21 9:50:21 PM AST","Project","3","5","It mentioned everything I needed","","","","","","","","","","","","","",""
"2021/12/21 9:50:22 PM AST","Project","4","5","clear instructions","","","","","","","","","","","","","",""
"2021/12/21 9:50:23 PM AST","Project","3","5","Outlined the specific things to work on, like the methods and loops.","Seems good to me.","","","","","","","","","","","","",""
"2021/12/21 9:50:25 PM AST","Project","3","5","It helped me to know the problem in a detailed manner.","was difficult to understand the two methods and what to do in that as well.","","","","","","","","","","","","",""
"2021/12/21 9:50:26 PM AST","Project","3","5","It was very easy to understand what was expected of me for this project.","I have no issues with this rubric.","","","","","","","","","","","","",""
"2021/12/21 9:50:28 PM AST","Project","3","5","It was very descriptive with everything we needed to include. It also included how our methods should be formed which was very helpful.","N/A","","","","","","","","","","","","",""
"2021/12/21 9:50:29 PM AST","Project","3","5","Pretty easy to understand and self-explanatory","Nothing","","","","","","","","","","","","",""
"2021/12/21 9:50:30 PM AST","Project","2","5","It was clear about what should be completed.","The explanations within the Newton 1-4 rubrics seemed a little vague.","","","","","","","","","","","","",""
"2021/12/21 9:50:32 PM AST","Project","2","3","not really","it's ok","","","","","","","","","","","","",""
"2021/12/21 9:50:33 PM AST","Project","2","5","It included what elements of code were required in our program.","I'm not sure. I thought it was pretty good.","","","","","","","","","","","","",""
"2021/12/21 9:50:34 PM AST","Project","2","4","Gave me a good concept of what I was trying to accomplish for the project.","The Newton Iteration explanation could be better, it left me a bit confused at first.","","","","","","","","","","","","",""
"2021/12/21 9:50:36 PM AST","Project","2","4","It states the process and method very well so that we can work accordingly and helps us to make sure that we don't miss any steps.","The second last step which says copy Newton3, and pastes as Newton4 is a bit confusing to understand the complete step we have to do in it. So it could be specified with some more details.","","","","","","","","","","","","",""
"2021/12/21 9:50:37 PM AST","Project","2","5","It was very clear in what it was trying to convey.","I would have liked more information on what ""best practice implementations"" are. Otherwise, it was a good rubric.","","","","","","","","","","","","",""
"2021/12/21 9:50:39 PM AST","Project","2","4","It was pretty simple and easy to understand","Maybe define the line between ""valid"" and ""best"" implementation?","","","","","","","","","","","","",""
"2021/12/21 9:50:40 PM AST","Project","2","5","I think this rubric was very straightforward with what it was asking us to do.","Not about the rubric, but a link to the best practices in the project assignment on Carmen would be useful.","","","","","","","","","","","","",""
"2021/12/21 9:50:42 PM AST","Project","2","4","It was pretty straightforward.","Maybe be a bit more specific by what ""best practices"" mean, but honestly, for this project, it wasn't really a problem.","","","","","","","","","","","","",""
"2021/12/21 9:50:43 PM AST","Project","2","4","The rubric was useful in helping me review my code, but it was not entirely clear was ""best practice implementation"" was.","Be more clear as to what ""Best practice implementation"" is.","","","","","","","","","","","","",""
"2021/12/21 9:50:44 PM AST","Project","1","4","It is very informative about what specifically I'm getting graded on","I don't know where to write about life-long learning skills in my project","","","","","","","","","","","","",""
"2021/12/21 9:50:46 PM AST","Project","1","4","It detailed what was expected for the assignment.","I'm not quite sure what the standard HTML conventions are, or at least what is expected for the class.","","","","","","","","","","","","",""
"2021/12/21 9:50:47 PM AST","Project","1","4","Well defined goals to get points.","Maybe add examples?","","","","","","","","","","","","",""
"2021/12/21 9:50:48 PM AST","Project","1","4","It gave me a good idea of the relative importance of the different parts of the project.","This is a pretty minor detail, but I think it would be helpful to include the best place for students to put their explanation of how they learned HTML (on the website, in a separate pdf, etc.).","","","","","","","","","","","","",""
"2021/12/21 9:50:50 PM AST","Project","1","4","The rubric helped me to walk through what I would need to complete for the assignment. I knew what I had to do for each section of the rubric.","I think the rubric was good, but I was unaware that there was an exact rubric attached to the assignment at first. Although I later realized, it may have been nice to have a gentle reminder about the rubric somewhere in the project guidelines from the schedule.","","","","","","","","","","","","",""
"2021/12/21 9:50:51 PM AST","Project","1","4","It laid out the 3 criteria clearly.","Less of a comment on the rubric itself, but the site's requirements differ, and that caught we off-guard on the third requirement.","","","","","","","","","","","","",""
"2021/12/21 9:50:53 PM AST","Project","1","4","It helped to make sure that I included all of the different components I needed.","More explanation on what ""best practices"" are.","","","","","","","","","","","","",""
"2021/12/21 9:50:54 PM AST","Project","1","2","Knowing generally what to do","Be more specific for each point. I don’t know what I should do to fulfill the “students should know what life-long learning skills” part of the rubric","","","","","","","","","","","","",""
"2021/12/21 9:50:55 PM AST","Project","1","4","It outlined what I needed to include","not sure","","","","","","","","","","","","",""
"2021/12/21 9:50:56 PM AST","Project","1","4","It helped outline what I needed to include and make notes of while doing the project.","I feel like ""best practices"" is extremely vague, and with that, I have no idea what the best practices are since I've never used HTML up until now.","","","","","","","","","","","","",""
"2021/12/21 9:50:58 PM AST","Project","1","4","Project description didn't mention anything about including how we learned HTML","Doesn't clarify what HTML best practices are - some people believe different things are best practice","","","","","","","","","","","","",""
"2021/12/21 9:50:59 PM AST","Project","1","4","The rubric was mostly clear. I wasn't sure how exactly I was supposed to show the ""Life-Long Values"" part of the rubric as I wasn't sure if I was supposed to explicitly or implicitly say how I learned to code html.","The extra two points could be more clear on what we would need to do.","","","","","","","","","","","","",""
"2021/12/21 9:51:00 PM AST","Project","1","5","Gave me better insight on what to all elements need to be present and the breakdown helped to know where to focus.","The rubric is perfect.","","","","","","","","","","","","",""
"2021/12/21 9:51:02 PM AST","Project","1","5","It helped me learn new things about Eclipse which was totally new for me. Providing this task helped me learn about HTML.","I don’t think something else is required, but I would say it could contain some more basic information about HTML for the one’s who are new to the platform.","","","","","","","","","","","","",""
"2021/12/21 9:51:03 PM AST","Project","1","4","Makes a lot easier to review my code/work","Be more detailed with the rubric and explain ""Understanding of Life-long Learning Skills"" more.","","","","","","","","","","","","",""
"2021/12/21 9:51:05 PM AST","Project","1","5","It helped me generally organize how I was going to go about doing the project.  It made me actually learn how to use HTML instead of not putting in full effort to learn life long learning skills which will help me greatly in the future.  ","I think it could have had more specific instructions on how to go about the project.  However I think the vagueness of the rubric meant we had to learn ourselves instead of relying on the rubric to guide us through it.  ","","","","","","","","","","","","",""
"2021/12/21 9:51:06 PM AST","Project","1","3","no need","set up grading criteria","","","","","","","","","","","","",""
"2021/12/21 9:51:07 PM AST","Project","1","5","telling me that i needed to have resources on how i learned html","maybe more specific considerations? there are requirements in the doc not on the rubric","","","","","","","","","","","","",""
"2021/12/21 9:51:09 PM AST","Project","1","5","It helped me understand what was expected of me and of what quality the project should be.","The only thing I would like added is what good coding conventions are for HTML and how I can follow them.","","","","","","","","","","","","",""
"2022/01/11 5:07:57 PM AST","Homework","","","","","","","","1","No","","","","0.5","The textbook","Joy","Enjoyment","Joy;Pride"
"2022/01/11 11:44:22 PM AST","Homework","","","","","","","","1","No","","","","1","The book","Anxiety","Nervous","Nervous"
"2022/01/12 12:59:34 AM AST","Homework","","","","","","","","1","No","","","",".4","The Textbook and the Readings","Joy","Boredom","meh"
"2022/01/12 7:06:54 PM AST","Homework","","","","","","","","1","No","","","","1.5 ","Book (Chapter 1)","Anxiety","Enjoyment","Pride"
"2022/01/12 7:10:44 PM AST","Homework","","","","","","","","1","No","","","",".5","opensource.com to learn about markdown, google for definitions of terms","content","content","content"
"2022/01/12 10:38:52 PM AST","Homework","","","","","","","","1","No","","","","1","Textbook, previous knowledge","Anxiety","Enjoyment;Boredom","Relief"
"2022/01/12 11:02:09 PM AST","Homework","","","","","","","","1","No","","","",".5","textbook","Hope","Boredom","Gratitude"
"2022/01/13 1:41:14 AM AST","Homework","","","","","","","","1","No","","","","1","The java book provided","Nothing","Nothing","Joy"
"2022/01/13 2:14:54 AM AST","Homework","","","","","","","","1","No","","","","1","The textbook and course policies information.","Stress but only because I almost forgot about it.","Boredom","Pride"
"2022/01/13 11:15:15 AM AST","Homework","","","","","","","","1","No","","","","1","textbook and google","Anxiety","Enjoyment","Pride"
"2022/01/15 5:03:21 PM AST","Project","1","5","It was clear and concise.","Maybe add pictures of example websites and what they should look like.","5","It helped me make sure I was doing everything that was asked of me.","Nothing comes to mind. I can't think of anything wrong with it.","","","","","","2.5","Primarily W3 Schools.","Joy;Hope","Enjoyment;Frustration","Joy;Pride;Gratitude"
"2022/01/16 9:52:29 PM AST","Project","1","4","It was pretty clear what I had to include in my project","","5","Checklist made every step organized","","","","","","","2","W3school and google","Anxiety","Enjoyment;Frustration","Relief"
"2022/01/17 6:07:44 PM AST","Project","1","5","As a guideline","Not sure","5","I liked how the checklist showed me how to use HTML a bit with the headers","Not sure","","","","","","1","HTML tutorial","Content","Enjoyment","Joy"
"2022/01/17 7:11:26 PM AST","Project","1","5","Let me make sure I had all of the elements I needed","In no ways","5","Lets me know I had everything I needed","No ways","","","","","","2","Links provided in project page","Relief","Enjoyment","Joy"
"2022/01/17 8:22:35 PM AST","Project","1","3","It told us all of the parts we needed in the webpage and how we get points","A little more detail on the parts of each section we need on the webpage","4","It helped us double check our work and see what was needed","A little more detailed instructions on how to add the titles, and examples on how it would look when done properly","","","","","","3","W3Schools","Hopelessness;Anxiety","Anger;Frustration","Joy;Gratitude"
"2022/01/17 8:39:30 PM AST","Project","1","5","checking point","give example","5","give example","i don't know","","","","","","0.8","https://www.w3schools.com/html/html_xhtml.asp","Anxiety;mad","mad","mad"
"2022/01/17 10:19:11 PM AST","Project","1","5","Organization of criteria","","5","Task instructions, good order to the tasks","","","","","","","2","w3 schools","Hope;content","Frustration;Boredom","Joy;content"
"2022/01/17 10:29:57 PM AST","Project","1","4","It helped me to improve my project like what detail I miss in that project","No, I think it's already very clear","5","It helped me to check what I missed","No, it's already very helpful","","","","","","6","Those 2 websites provided in the project instruction","Hopelessness","Frustration","worried about what should I do about next project"
"2022/01/17 11:06:15 PM AST","Project","1","5","Made sure I completed all parts of the assignment.","Being less vague in what was expected for each part. Like saying the list should be at least three items long or the table should be 3x3.","5","I almost forgot to include a hyperlink, but the checklist told me I need to.","It is good.","","","","","","2","W3schools","Hope","Enjoyment","Joy"
"2022/01/17 11:42:34 PM AST","Project","1","3","","","5","","","","","","","","1","W3 Schools","Hopelessness;Anxiety","Enjoyment","Pride"
"2022/01/18 12:34:10 AM AST","Project","1","5","Gave me the information I needed to make sure I have the right work to submit","None","5","it helped for when I reviewed my project to make sure it was all good","None","","","","","","2","The checklist, rubric and W3","Anxiety","Enjoyment;Frustration","Joy"
"2022/01/18 1:30:59 AM AST","Project","1","5","The rubric was helpful in that it allowed me to figure out where points were being allocated.","","5","It was helpful in that I was able to ensure I completed everything necessary prior to submitting the project.","","","","","","","4","The ones provided with the project description as well as outside sources.","Hope;Anxiety","Enjoyment","Joy;Pride"
"2022/01/18 1:37:19 AM AST","Project","1","5","Gave me the expectations of the project.","It was already pretty good.","5","Helped keep things organized.","It is good as is.","","","","","","1","Just googling how to use HTML, and sites like W3 schools.","Hope","Trying to find creative freedom.","Pride"
"2022/01/18 9:06:26 AM AST","Project","1","5","it made sure I followed each step correctly and in order","none","5","it made sure I went in order","none","","","","","","1.5","the Internet, specifically W3 schools","Hope","Frustration","Joy;Gratitude"
"2022/01/18 7:29:06 PM AST","Project","1","5","Yes, helps me to check if I am missing anything.","It is already very helpful","5","During the project time and after I finished my project, it can help me to check what I should do for the project.","No, it is good enough for me. ","","","","","","2.5 ","I used the sources that the project#1 assignment page provided, and Mr. Grifski and TA Ben. ","Joy;Hope;Anxiety","Enjoyment;Maybe a little bit confused","Joy;Pride;Gratitude;Very happy that I can get help from all over the places!"
"2022/01/18 7:52:24 PM AST","Homework","","","","","","","","2","No","","","","1","Various webpages about expressions vs statements","distraction","distraction","Joy;Pride"
"2022/01/19 3:03:24 AM AST","Homework","","","","","","","","2","No","","","","","Template/eclipse","Hope;Anxiety","Anger;Frustration","Sadness;Anger"
"2022/01/19 6:35:38 PM AST","Homework","","","","","","","","3","No","","","","1.5 ","Textbook","Anxiety","Enjoyment","Pride"
"2022/01/19 11:29:15 PM AST","Homework","","","","","","","","3","No","","","","2.75","","distressed","Boredom;annoyed","tired"
"2022/01/20 3:09:26 AM AST","Homework","","","","","","","","3","No","","","","1","w3schools","Hope","Boredom","Pride"
"2022/01/20 4:37:17 AM AST","Homework","","","","","","","","3","No","","","","4","n/a","Anxiety","Anger;Frustration","Gratitude;Sadness;Shame;Anger"
"2022/01/23 7:04:09 PM AST","Homework","","","","","","","","4","No","","","","2","MonteCarlo Assignment","Anxiety","Frustration","Pride"
"2022/01/24 10:36:32 PM AST","Homework","","","","","","","","4","No","","","","1","Eclipse","Anxiety","Frustration","Anger"
"2022/01/25 12:45:08 AM AST","Homework","","","","","","","","4","No","","","","0.5","Monte Carlo Lab","Hopelessness;Anxiety","Enjoyment","Pride"
"2022/01/26 12:12:21 AM AST","Homework","","","","","","","","3","No","","","","1","textbook","Hope","Frustration","Sadness"
"2022/01/26 8:08:31 PM AST","Project","2","5","Makes everything that is asked of us clear and concise.","Nothing comes to mind.","5","Allowed to me to make sure I was meeting all the requirements.","N/A","","","","","","3","The project assignment page and the rubric.","Hope","Enjoyment","Pride;Gratitude"
"2022/01/26 9:19:24 PM AST","Project","2","4","","","4","","","","","","","","2.5","","Hope","Enjoyment;Frustration","Joy;Gratitude"
"2022/01/26 10:27:19 PM AST","Project","2","5","","More specific detail","5","Let me know what t remember and highlighted parts I may have missed","","","","","","","3","Discord Chat, the project outline","Hopelessness;Anxiety;Laziness","Frustration;Boredom;Not there mentally","Gratitude;Relief, worried, confusion"
"2022/01/26 11:23:26 PM AST","Project","2","4","Showed what practices to use","N/A","5","More descriptive than the original checklist on the schedule","N/A","","","","","","3","Wikipedia Newton Iteration","Content","Frustration","Joy;Pride"
"2022/01/27 12:58:39 AM AST","Project","2","5","help me learn java better","more clear with what we need to create，enter，output","5","help me find what I have missing","more clear answer about which type of wrong cannot have","","","","","","3","website","Joy","Frustration;tired","Pride"
"2022/01/27 4:03:37 AM AST","Project","2","5","","","5","","","","","","","","3","n/a","Anxiety","Enjoyment;Frustration","Joy;Pride"
"2022/01/31 2:00:23 AM AST","Homework","","","","","","","","5","No","","","","4","Eclipse","Hopelessness;Anxiety","Anger;Frustration;Boredom","Sadness;Anger"
"2022/01/31 8:15:00 PM AST","Homework","","","","","","","","5","No","","","","2","Nothing","Joy","Overwhelmed","Joy"
"2022/02/01 12:41:44 AM AST","Homework","","","","","","","","5","No","","","","3.5","","Hopelessness","Frustration","Gratitude"
"2022/02/01 1:09:59 AM AST","Homework","","","","","","","","5","No","","","","2.5","old projects, google (ex. how to square a number)","Anxiety","Enjoyment","Joy;Pride"
"2022/02/01 2:27:33 AM AST","Homework","","","","","","","","5","No","","","","2 ","Java platform; OSU CSE Components","Tired as I'm still working on it and the time now is 0:02AM","","I can sleep now"
"2022/02/03 2:31:16 PM AST","Project","3","5","","","5","Specified what was expected in this assignment","","","","","","","4","Discord chat, communicating w others","Hopelessness;Anxiety","Enjoyment;Frustration","Pride;Relief"
"2022/02/03 5:13:39 PM AST","Project","3","5","","","5","Reminded me to turn in the pdfs of the java files","","","","","","","2","Google","","Boredom",""
"2022/02/03 5:15:16 PM AST","Homework","","","","","","","","5","No","","","","2","Google, Eclipse, Carmen Resources","","Frustration;Boredom;This was drastically longer than all the other homeworks we've had so far. ","Exaustion"
"2022/02/04 5:52:27 AM AST","Project","3","2","。","。","3","。","more clear about what kind of result should we get","","","","","","6",".","Hopelessness","Anger","Sadness;Shame"
"2022/02/04 6:35:54 AM AST","Project","3","3","Helped to double check requirements and code add-ons (ie. comments)","N/a","3","Helped to double check requirements and code add-ons (ie. comments)","idk","","","","","","10","Eclipse, CSE Page, checklist","Hopelessness;Anxiety","Anger;Frustration;Boredom","Sadness;Shame;Anger;Pain"
"2022/02/07 12:13:14 AM AST","Project","3","5","Very clear and concise.","Nothing comes to mind.","5","Very clear and concise.","Nothing comes to mind.","","","","","","3","The project page and assignment checklist.","Anxiety","Frustration","Joy;Pride;Gratitude"
"2022/02/07 5:33:33 PM AST","Homework","","","","","","","","7","No","","","","1","The class slides and the password checker lab.","Hopelessness;Anxiety","Enjoyment","Joy;Pride"
"2022/02/07 6:46:59 PM AST","Homework","","","","","","","","7","No","","","","4","w3school; google","Joy","Sometimes just told myself to relax","Now I can do other homework"
"2022/02/07 11:52:47 PM AST","Homework","","","","","","","","7","No","","","","1.5","","Relief","Boredom","Joy"
"2022/02/08 3:12:53 AM AST","Homework","","","","","","","","7","No","","","","3","CSE Slides","Hopelessness;Anxiety","Anger;Frustration;Boredom","Sadness;Shame;Anger"
"2022/02/08 5:40:10 AM AST","Homework","","","","","","","","7","No","","","","2","Google","Joy","Frustration;Boredom","Pride"
"2022/02/14 10:50:38 PM AST","Homework","","","","","","","","8","No","","","","2","Readings for Meeting 21","Hopelessness;Anxiety","Frustration;Boredom","Sadness;Anger"
"2022/02/15 12:57:37 AM AST","Homework","","","","","","","","8","No","","","","2","PPT and Articles; Google","Hi, my old friend(homework), we always meet at midnight.","It seems that our meeting will be held for at least one hour.","It's glad to see you again but I have to go to bed now."
"2022/02/15 10:25:04 PM AST","Project","4","3","Concise.","I wish the assignment instructions were more clear.","5","Clear and concise.","N/A","","","","","","5","N/A","Anxiety","Anxiety","Joy;Pride;Gratitude"
"2022/02/15 11:31:04 PM AST","Project","4","5","","","3","let me know major points ","slightly more specific ","","","","","","6","discord, notes, api","Anxiety","Anger;Frustration","Joy;Pride"
"2022/02/15 11:59:28 PM AST","Project","4","4","The check Rss links","More links","","","","","","","","","6","The project page and discord help","Hopelessness;Anxiety","Anger;Frustration","Joy;Pride;Gratitude"
"2022/02/16 1:55:04 PM AST","Project","4","3","","","5","","","","","","","","2.5 ","the labs","Joy;Hope","Enjoyment","Pride;Gratitude"
"2022/02/16 2:11:04 PM AST","Project","4","3","","","3","Testing links","","","","","","","6","Eclipse, slideshows","Hopelessness;Anxiety","Anger;Frustration","Sadness;Shame;Anger"
"2022/02/16 6:47:02 PM AST","Project","4","4","basic checklist","Kind of vague","4","More specific than rubric","could be more specific","","","","","","5","project description, rubric, powerpoint slides, other RSS feeds, W3schools, XML api, ","Hopelessness;Anxiety","Frustration","Relief"
"2022/02/18 12:41:56 AM AST","Homework","","","","","","","","9","No","","","","1","CSE Slides","Hopelessness;Anxiety","Anger;Frustration","Sadness;Anger"
"2022/02/19 3:06:56 PM AST","Homework","","","","","","","","10","No","","","","1","Eclipse","Hopelessness;Anxiety","Anger;Boredom","Anger"
"2022/02/23 12:49:23 AM AST","Homework","","","","","","","","11","No","","","","1","CSE slides","Hopelessness;Anxiety","Anger;Frustration;Boredom","Sadness;Shame;Anger"
"2022/02/23 2:58:16 AM AST","Homework","","","","","","","","11","No","","","","0.5","no else","Why I'm so sleepy at 21:30?","Now I'm excited","Sleepy again"
"2022/02/24 9:41:09 PM AST","Project","5","4","","","5","","","","","","","","3.5","Discord, slides,","Hopelessness;Anxiety","Enjoyment;Frustration","Pride;Relief"
"2022/02/24 10:42:49 PM AST","Project","5","3","","","4","","","","","","","","3","source code","Joy","Enjoyment","Joy"
"2022/03/04 12:07:28 AM AST","Project","6","4","","","5","","","","","","","","2","natural number API, my code from lab, discord","Anxiety","Frustration","Pride"
"2022/03/07 6:44:14 PM AST","Homework","","","","","","","","12","No","","","","3","CSE OSU Comp and the Slides","Anxiety","Anger;Frustration","Pride"
"2022/03/07 9:00:49 PM AST","Homework","","","","","","","","12","No","","","","2","Natural Number API","Hopelessness;Anxiety","Frustration;Boredom","Sadness;Shame"
"2022/03/07 11:54:16 PM AST","Homework","","","","","","","","12","No","","","","2","Eclipse, cse slides","Hopelessness;Anxiety","Anger;Frustration","Sadness;Anger"
"2022/03/08 7:12:21 AM AST","Homework","","","","","","","","12","No","","","","1.5","","Relief","Confused","Confused"
"2022/03/10 11:44:42 AM AST","Homework","","","","","","","","13","No","","","","2.5","Eclipse, cse slides","Hopelessness;Anxiety","Frustration;Boredom","Anger"
"2022/03/23 12:03:25 AM AST","Homework","","","","","","","","14","No","","","","1","Eclipse, cse slides","Hopelessness;Anxiety","Frustration;Boredom","Shame;Anger"
"2022/03/24 9:11:42 PM AST","Project","7","5","","Little more detail","5","","","","","","","","3","Discord, slides","Hopelessness;Anxiety","Enjoyment","Pride;Emptiness"
"2022/03/25 2:02:58 AM AST","Homework","","","","","","","","15","No","","","","1","Eclipse, cse slides","Hopelessness;Anxiety","Frustration","Sadness;Anger"
"2022/03/25 3:22:24 AM AST","Project","7","3","","","4","","","","","","","","3","Eclipse, cse slides","Hopelessness;Anxiety","Anger;Frustration;Boredom","Sadness;Shame;Anger"
"2022/03/28 10:03:49 PM AST","Homework","","","","","","","","16","No","","","","1","CSE Slides","Hopelessness;Anxiety","Frustration;Boredom","Anger"
"2022/03/29 12:22:10 AM AST","Homework","","","","","","","","16","No","","","",".5","The mathematical set notation slides","Joy","Enjoyment","Joy"
"2022/03/31 12:25:10 AM AST","Project","8","5","It let me know exactly what needed to be done whereas I felt the project instructions are always vague.","","5","Test case ideas","","","","","","","4","The lab","Hopelessness;Anxiety","Enjoyment;Anger;Frustration","Joy;Pride"
"2022/03/31 8:42:58 AM AST","Homework","","","","","","","","17","No","","","",".75","Slides","Joy","Enjoyment;Frustration","Joy;Confusion"
"2022/03/31 6:13:09 PM AST","Homework","","","","","","","","18","No","","","","20","Slides and lecture notes","Joy;Anxiety","Frustration;Boredom","Joy;Pride;Gratitude"
"2022/03/31 6:14:28 PM AST","Homework","","","","","","","","18","No","","","",".5","My friend ","Hopelessness;Anxiety","Anger;Frustration","Sadness;Shame"
"2022/04/01 3:27:31 PM AST","Project","8","3","","Having more specific things that are being looked for","2","","","","","","","","8","Discord, notes","Hopelessness;Anxiety","Anger;Frustration;Boredom","Pride;Sadness;relief"
"2022/04/03 11:11:22 PM AST","Homework","","","","","","","","17","No","","","","1","Eclipse, cse slides","Hopelessness;Anxiety","Anger;Frustration;Boredom","Sadness;Anger"
"2022/04/04 12:02:07 AM AST","Homework","","","","","","","","19","No","","","","2.5","Eclipse, cse slides","Hopelessness;Anxiety","Anger;Frustration;Boredom","Sadness;Shame;Anger"
"2022/04/04 12:02:39 AM AST","Homework","","","","","","","","20","No","","","","2","Eclipse, cse slides","Hopelessness;Anxiety","Anger;Frustration;Boredom","Sadness;Anger"
"2022/04/04 12:03:10 AM AST","Homework","","","","","","","","21","No","","","","2.5","Eclipse, cse slides","Hopelessness;Anxiety","Anger;Frustration","Sadness;Anger"
"2022/04/07 11:23:00 PM AST","Project","9","3","Described the basics, what was being looked for","More details on what is expected in test cases","4","","More for test cases","","","","","","8","Discord, slides, API","Hopelessness","Anger;Frustration","Glad"
"2022/04/08 12:29:27 AM AST","Project","9","3","","","4","","","","","","","","7","Eclipse, cse slides","Hopelessness;Anxiety","Anger;Frustration;Boredom","Sadness;Shame;Anger"
"2022/04/15 11:15:05 AM AST","Project","10","5","","More specific on what is being looked for","3","","","","","","","","8","Discord Chat","Hopelessness;Anxiety","Enjoyment;Frustration","Pride;So relieved"
"2022/04/21 8:55:01 PM AST","Project","11","4","","Little more detail","3","Let me know to turn in PDFs as well","","","","","","","5","Demo GUI and the other","Hopelessness;Anxiety","Enjoyment","Joy;Pride;Glad"